{
    "LogisticRegression": {
        "accuracy": 0.785483870967742,
        "precision": 0.6994818652849741,
        "recall": 0.6428571428571429,
        "f1_score": 0.6699751861042184,
        "roc_auc": 0.8160975609756098
    },
    "RandomForest": {
        "accuracy": 0.8048387096774193,
        "precision": 0.7258883248730964,
        "recall": 0.680952380952381,
        "f1_score": 0.7027027027027027,
        "roc_auc": 0.8375551684088269
    },
    "XGBoost": {
        "accuracy": 0.8209677419354838,
        "precision": 0.7647058823529411,
        "recall": 0.680952380952381,
        "f1_score": 0.7204030226700252,
        "roc_auc": 0.8399535423925668
    },
    "NeuralNetwork": {
        "accuracy": 0.8,
        "precision": 0.7362637362637363,
        "recall": 0.638095238095238,
        "f1_score": 0.6836734693877551,
        "roc_auc": 0.8166666666666668
    }
}