{
    "best_params": {
        "n_estimators": 211,
        "max_depth": 3,
        "learning_rate": 0.013327933708049175,
        "subsample": 0.6495626804019874,
        "colsample_bytree": 0.9265395805685918
    },
    "best_roc_auc": 0.8762486126526081,
    "n_trials": 30
}